,month,day,hour,quarter,OT
0,3.0,26.0,21.0,1.0,11.607000350952148
1,3.0,26.0,22.0,1.0,11.043999671936035
2,3.0,26.0,23.0,1.0,10.833000183105469
3,3.0,27.0,0.0,1.0,10.621999740600586
4,3.0,27.0,2.0,1.0,10.340999603271484
5,3.0,27.0,3.0,1.0,10.621999740600586
6,3.0,27.0,4.0,1.0,10.482000350952148
7,3.0,27.0,5.0,1.0,10.270999908447266
8,3.0,27.0,6.0,1.0,10.482000350952148
9,3.0,27.0,7.000000000000001,1.0,10.340999603271484
10,3.0,27.0,8.0,1.0,11.326000213623049
11,3.0,27.0,9.0,1.0,11.043999671936035
12,3.0,27.0,10.0,1.0,11.888999938964846
13,3.0,27.0,11.0,1.0,12.029000282287598
14,3.0,27.0,12.0,1.0,11.536999702453612
15,3.0,27.0,14.000000000000002,1.0,13.013999938964846
16,3.0,27.0,15.0,1.0,13.085000038146973
17,3.0,27.0,17.0,1.0,13.647000312805176
18,3.0,27.0,18.0,1.0,12.87399959564209
19,3.0,27.0,20.0,1.0,10.833000183105469
20,3.0,27.0,21.0,1.0,10.482000350952148
21,3.0,27.0,22.0,1.0,10.199999809265137
22,3.0,27.0,23.0,1.0,9.708000183105469
23,3.0,28.0,0.0,1.0,9.496999740600586
24,3.0,28.0,1.0,1.0,8.864000320434572
25,3.0,28.0,4.0,1.0,8.442000389099123
26,3.0,28.0,5.0,1.0,8.581999778747559
27,3.0,28.0,6.0,1.0,8.159999847412111
28,3.0,28.0,7.000000000000001,1.0,8.934000015258789
29,3.0,28.0,8.0,1.0,9.848999977111816
30,3.0,28.0,9.0,1.0,9.98900032043457
31,3.0,28.0,10.0,1.0,11.114999771118164
32,3.0,28.0,12.0,1.0,9.918999671936035
33,3.0,28.0,13.0,1.0,10.833000183105469
34,3.0,28.0,14.000000000000002,1.0,12.100000381469728
35,3.0,28.0,15.0,1.0,12.592000007629396
36,3.0,28.0,16.0,1.0,13.085000038146973
37,3.0,28.0,18.0,1.0,12.239999771118164
38,3.0,28.0,19.0,1.0,11.326000213623049
39,3.0,28.0,20.0,1.0,10.904000282287598
40,3.0,28.0,21.0,1.0,9.848999977111816
41,3.0,28.0,22.0,1.0,9.496999740600586
42,3.0,28.0,23.0,1.0,9.56700038909912
43,3.0,29.0,0.0,1.0,9.496999740600586
44,3.0,29.0,1.0,1.0,9.074999809265137
45,3.0,29.0,2.0,1.0,9.28600025177002
46,3.0,29.0,3.0,1.0,9.56700038909912
47,3.0,29.0,4.0,1.0,9.074999809265137
48,3.0,29.0,5.0,1.0,8.581999778747559
49,3.0,29.0,7.000000000000001,1.0,8.020000457763674
50,3.0,29.0,8.0,1.0,8.65299987792969
51,3.0,29.0,9.0,1.0,8.51200008392334
52,3.0,29.0,10.0,1.0,9.145000457763672
53,3.0,29.0,12.0,1.0,9.145000457763672
54,3.0,29.0,13.0,1.0,9.637999534606934
55,3.0,29.0,16.0,1.0,10.482000350952148
56,3.0,29.0,17.0,1.0,10.340999603271484
57,3.0,29.0,18.0,1.0,9.637999534606934
58,3.0,29.0,22.0,1.0,7.809000015258789
59,3.0,29.0,23.0,1.0,7.315999984741211
60,3.0,30.0,0.0,1.0,6.61299991607666
61,3.0,30.0,1.0,1.0,6.823999881744385
62,3.0,30.0,3.0,1.0,6.119999885559082
63,3.0,30.0,5.0,1.0,5.839000225067139
64,3.0,30.0,7.000000000000001,1.0,5.2059998512268075
65,3.0,30.0,8.0,1.0,5.557000160217285
66,3.0,30.0,9.0,1.0,5.76800012588501
67,3.0,30.0,12.0,1.0,6.330999851226808
68,3.0,30.0,13.0,1.0,7.0349998474121085
69,3.0,30.0,15.0,1.0,7.386000156402588
70,3.0,30.0,16.0,1.0,7.315999984741211
71,3.0,30.0,18.0,1.0,6.683000087738037
72,3.0,30.0,19.0,1.0,5.76800012588501
73,3.0,30.0,21.0,1.0,6.4019999504089355
74,3.0,30.0,22.0,1.0,6.261000156402588
75,3.0,30.0,23.0,1.0,5.9790000915527335
76,3.0,30.999999999999996,0.0,1.0,5.76800012588501
77,4.0,1.0,0.0,2.0,9.003999710083008
78,4.0,1.0,1.0,2.0,9.21500015258789
79,4.0,1.0,2.0,2.0,9.003999710083008
80,4.0,1.0,3.0,2.0,8.65299987792969
81,4.0,1.0,6.0,2.0,9.425999641418455
82,4.0,1.0,7.000000000000001,2.0,9.56700038909912
83,4.0,1.0,8.0,2.0,10.199999809265137
84,4.0,1.0,10.0,2.0,11.114999771118164
85,4.0,1.0,11.0,2.0,10.973999977111816
86,4.0,1.0,12.0,2.0,10.762999534606934
87,4.0,1.0,13.0,2.0,11.607000350952148
88,4.0,1.0,14.000000000000002,2.0,11.255999565124512
89,4.0,1.0,15.0,2.0,12.944000244140623
90,4.0,1.0,16.0,2.0,12.732999801635742
91,4.0,1.0,17.0,2.0,11.817999839782717
92,4.0,1.0,18.0,2.0,11.748000144958494
93,4.0,1.0,19.0,2.0,10.762999534606934
94,4.0,1.0,20.0,2.0,10.692999839782717
95,4.0,1.0,22.0,2.0,10.482000350952148
96,4.0,1.0,23.0,2.0,10.130000114440918
97,4.0,2.0,0.0,2.0,9.708000183105469
98,4.0,2.0,3.0,2.0,10.833000183105469
99,4.0,2.0,4.0,2.0,10.340999603271484
100,4.0,2.0,6.0,2.0,10.0600004196167
101,4.0,2.0,8.0,2.0,9.637999534606934
102,4.0,2.0,9.0,2.0,10.552000045776367
103,4.0,2.0,10.0,2.0,10.482000350952148
104,4.0,2.0,11.0,2.0,10.130000114440918
105,4.0,2.0,12.0,2.0,10.199999809265137
106,4.0,2.0,13.0,2.0,11.678000450134276
107,4.0,2.0,15.0,2.0,12.100000381469728
108,4.0,2.0,16.0,2.0,12.170000076293944
109,4.0,2.0,17.0,2.0,12.029000282287598
110,4.0,2.0,18.0,2.0,11.255999565124512
111,4.0,2.0,19.0,2.0,10.973999977111816
112,4.0,2.0,22.0,2.0,10.340999603271484
113,4.0,2.0,23.0,2.0,9.848999977111816
114,4.0,3.0,0.0,2.0,9.425999641418455
115,4.0,3.0,1.0,2.0,9.355999946594238
116,4.0,3.0,2.0,2.0,9.21500015258789
117,4.0,3.0,3.0,2.0,9.145000457763672
118,4.0,3.0,5.0,2.0,9.425999641418455
119,4.0,3.0,6.0,2.0,9.28600025177002
120,4.0,3.0,7.000000000000001,2.0,9.496999740600586
121,4.0,3.0,8.0,2.0,9.848999977111816
122,4.0,3.0,9.0,2.0,10.692999839782717
123,4.0,3.0,10.0,2.0,11.395999908447266
124,4.0,3.0,14.000000000000002,2.0,12.732999801635742
125,4.0,3.0,15.0,2.0,12.944000244140623
126,4.0,3.0,17.0,2.0,13.718000411987305
127,4.0,3.0,18.0,2.0,12.239999771118164
128,4.0,3.0,19.0,2.0,12.170000076293944
129,4.0,3.0,20.0,2.0,11.607000350952148
130,4.0,3.0,21.0,2.0,11.326000213623049
131,4.0,3.0,22.0,2.0,10.973999977111816
132,4.0,3.0,23.0,2.0,10.904000282287598
133,4.0,4.0,0.0,2.0,9.918999671936035
134,4.0,4.0,1.0,2.0,8.864000320434572
135,4.0,4.0,2.0,2.0,8.934000015258789
136,4.0,4.0,3.0,2.0,7.809000015258789
137,4.0,4.0,4.0,2.0,6.823999881744385
138,4.0,4.0,6.0,2.0,6.61299991607666
139,4.0,4.0,8.0,2.0,5.3460001945495605
140,4.0,4.0,9.0,2.0,5.065000057220459
141,4.0,4.0,10.0,2.0,5.276000022888184
142,4.0,4.0,12.0,2.0,5.065000057220459
143,4.0,4.0,13.0,2.0,4.572999954223633
144,4.0,4.0,14.000000000000002,2.0,4.290999889373778
145,4.0,4.0,15.0,2.0,4.432000160217286
146,4.0,4.0,16.0,2.0,4.221000194549561
147,4.0,4.0,17.0,2.0,4.079999923706056
148,4.0,4.0,19.0,2.0,3.6579999923706055
149,4.0,4.0,20.0,2.0,3.799000024795532
150,4.0,4.0,22.0,2.0,3.8689999580383305
151,4.0,4.0,23.0,2.0,3.938999891281128
152,4.0,5.0,0.0,2.0,3.6579999923706055
153,4.0,5.0,1.0,2.0,3.799000024795532
154,4.0,5.0,2.0,2.0,3.8689999580383305
155,4.0,5.0,3.0,2.0,3.799000024795532
156,4.0,5.0,4.0,2.0,4.361999988555908
157,4.0,5.0,5.0,2.0,3.6579999923706055
158,4.0,5.0,6.0,2.0,4.221000194549561
159,4.0,6.0,11.0,2.0,3.095000028610228
160,4.0,6.0,12.0,2.0,4.010000228881838
161,4.0,6.0,13.0,2.0,4.64300012588501
162,4.0,6.0,14.000000000000002,2.0,4.994999885559082
163,4.0,6.0,16.0,2.0,5.3460001945495605
164,4.0,6.0,17.0,2.0,5.486999988555908
165,4.0,6.0,18.0,2.0,5.3460001945495605
166,4.0,6.0,21.0,2.0,4.221000194549561
167,4.0,6.0,22.0,2.0,5.276000022888184
168,4.0,6.0,23.0,2.0,4.8540000915527335
169,4.0,7.0,0.0,2.0,4.501999855041504
170,4.0,7.0,1.0,2.0,4.221000194549561
171,4.0,7.0,5.0,2.0,4.150000095367432
172,4.0,7.0,6.0,2.0,3.7279999256134033
173,4.0,7.0,7.000000000000001,2.0,4.994999885559082
174,4.0,7.0,8.0,2.0,4.221000194549561
175,4.0,7.0,9.0,2.0,3.7279999256134033
176,4.0,7.0,12.0,2.0,3.236000061035156
177,4.0,7.0,13.0,2.0,3.5169999599456787
178,4.0,7.0,14.000000000000002,2.0,4.501999855041504
179,4.0,7.0,15.0,2.0,4.994999885559082
180,4.0,7.0,16.0,2.0,5.276000022888184
181,4.0,7.0,20.0,2.0,5.3460001945495605
182,4.0,7.0,21.0,2.0,4.923999786376953
183,4.0,7.0,22.0,2.0,4.8540000915527335
184,4.0,7.0,23.0,2.0,5.065000057220459
185,4.0,8.0,0.0,2.0,4.572999954223633
186,4.0,8.0,1.0,2.0,4.7129998207092285
187,4.0,8.0,6.0,2.0,4.572999954223633
188,4.0,8.0,7.000000000000001,2.0,5.697999954223633
189,4.0,8.0,8.0,2.0,5.76800012588501
190,4.0,8.0,9.0,2.0,5.627999782562256
191,4.0,8.0,10.0,2.0,5.416999816894531
192,4.0,8.0,11.0,2.0,5.697999954223633
193,4.0,8.0,12.0,2.0,5.627999782562256
194,4.0,8.0,13.0,2.0,6.261000156402588
195,4.0,8.0,14.000000000000002,2.0,7.105000019073486
196,4.0,8.0,15.0,2.0,7.668000221252441
197,4.0,8.0,16.0,2.0,7.809000015258789
198,4.0,8.0,17.0,2.0,7.879000186920166
199,4.0,8.0,18.0,2.0,7.597000122070312
200,4.0,8.0,19.0,2.0,8.230999946594237
201,4.0,8.0,20.0,2.0,8.300999641418457
202,4.0,8.0,21.0,2.0,7.879000186920166
203,4.0,8.0,22.0,2.0,7.737999916076659
204,4.0,8.0,23.0,2.0,7.245999813079834
205,4.0,9.0,1.0,2.0,7.668000221252441
206,4.0,9.0,2.0,2.0,7.737999916076659
207,4.0,9.0,3.0,2.0,7.456999778747559
208,4.0,9.0,6.0,2.0,6.894000053405763
209,4.0,9.0,8.0,2.0,8.65299987792969
210,4.0,9.0,9.0,2.0,9.425999641418455
211,4.0,9.0,10.0,2.0,10.552000045776367
212,4.0,9.0,11.0,2.0,9.777999877929688
213,4.0,9.0,12.0,2.0,9.28600025177002
214,4.0,9.0,13.0,2.0,9.98900032043457
215,4.0,9.0,14.000000000000002,2.0,11.326000213623049
216,4.0,9.0,15.0,2.0,10.904000282287598
217,4.0,9.0,16.0,2.0,12.100000381469728
218,4.0,9.0,17.0,2.0,12.451000213623049
219,4.0,9.0,18.0,2.0,12.029000282287598
220,4.0,9.0,19.0,2.0,10.482000350952148
221,4.0,9.0,20.0,2.0,9.918999671936035
222,4.0,9.0,21.0,2.0,9.708000183105469
223,4.0,9.0,22.0,2.0,9.496999740600586
224,4.0,9.0,23.0,2.0,9.21500015258789
225,4.0,10.0,0.0,2.0,8.864000320434572
226,4.0,10.0,1.0,2.0,8.722999572753906
227,4.0,10.0,2.0,2.0,8.65299987792969
228,4.0,10.0,3.0,2.0,8.722999572753906
229,4.0,10.0,5.0,2.0,8.581999778747559
230,4.0,10.0,6.0,2.0,8.65299987792969
231,4.0,10.0,7.000000000000001,2.0,9.21500015258789
232,4.0,10.0,8.0,2.0,9.918999671936035
233,4.0,10.0,9.0,2.0,10.482000350952148
234,4.0,10.0,10.0,2.0,9.21500015258789
235,4.0,10.0,11.0,2.0,9.56700038909912
236,4.0,10.0,12.0,2.0,8.934000015258789
237,4.0,10.0,13.0,2.0,9.425999641418455
238,4.0,10.0,15.0,2.0,10.621999740600586
239,4.0,10.0,18.0,2.0,12.029000282287598
240,4.0,10.0,19.0,2.0,11.607000350952148
241,4.0,10.0,20.0,2.0,11.1850004196167
242,4.0,10.0,21.0,2.0,11.043999671936035
243,4.0,10.0,22.0,2.0,10.552000045776367
244,4.0,10.0,23.0,2.0,11.043999671936035
245,4.0,11.0,0.0,2.0,10.340999603271484
246,4.0,11.0,2.0,2.0,10.552000045776367
247,4.0,11.0,3.0,2.0,10.41100025177002
248,4.0,11.0,4.0,2.0,10.552000045776367
249,4.0,11.0,6.0,2.0,9.777999877929688
250,4.0,11.0,7.000000000000001,2.0,9.918999671936035
251,4.0,11.0,9.0,2.0,9.708000183105469
252,4.0,11.0,10.0,2.0,10.340999603271484
253,4.0,11.0,12.0,2.0,10.270999908447266
254,4.0,11.0,13.0,2.0,10.340999603271484
255,4.0,11.0,14.000000000000002,2.0,10.973999977111816
256,4.0,11.0,16.0,2.0,10.762999534606934
257,4.0,11.0,18.0,2.0,9.425999641418455
258,4.0,11.0,19.0,2.0,8.722999572753906
259,4.0,11.0,21.0,2.0,7.668000221252441
260,4.0,11.0,22.0,2.0,7.386000156402588
261,4.0,11.0,23.0,2.0,6.964000225067138
262,4.0,12.0,3.0,2.0,6.050000190734862
263,4.0,12.0,4.0,2.0,6.4019999504089355
264,4.0,12.0,5.0,2.0,5.908999919891357
265,4.0,12.0,6.0,2.0,5.76800012588501
266,4.0,12.0,7.000000000000001,2.0,5.627999782562256
267,4.0,12.0,8.0,2.0,5.908999919891357
268,4.0,12.0,10.0,2.0,5.9790000915527335
269,4.0,12.0,11.0,2.0,6.330999851226808
270,4.0,12.0,12.0,2.0,6.4720001220703125
271,4.0,12.0,13.0,2.0,6.050000190734862
272,4.0,12.0,14.000000000000002,2.0,6.541999816894531
273,4.0,12.0,18.0,2.0,5.627999782562256
274,4.0,12.0,19.0,2.0,5.3460001945495605
275,4.0,12.0,23.0,2.0,4.64300012588501
276,4.0,13.0,0.0,2.0,4.994999885559082
277,4.0,13.0,2.0,2.0,4.783999919891356
278,4.0,13.0,5.0,2.0,4.783999919891356
279,4.0,13.0,6.0,2.0,4.7129998207092285
280,4.0,13.0,7.000000000000001,2.0,4.572999954223633
281,4.0,13.0,8.0,2.0,4.290999889373778
282,4.0,13.0,10.0,2.0,4.361999988555908
283,4.0,13.0,12.0,2.0,5.065000057220459
284,4.0,13.0,14.000000000000002,2.0,4.8540000915527335
285,4.0,13.0,15.0,2.0,5.276000022888184
286,4.0,13.0,19.0,2.0,3.095000028610228
287,4.0,13.0,20.0,2.0,3.799000024795532
288,4.0,13.0,23.0,2.0,3.588000059127808
289,4.0,14.0,0.0,2.0,4.290999889373778
290,4.0,14.0,1.0,2.0,4.361999988555908
291,4.0,14.0,4.0,2.0,5.2059998512268075
292,4.0,14.0,6.0,2.0,5.2059998512268075
293,4.0,14.0,7.000000000000001,2.0,4.8540000915527335
294,4.0,14.0,9.0,2.0,3.4470000267028813
295,4.0,14.0,10.0,2.0,4.361999988555908
296,4.0,14.0,11.0,2.0,3.799000024795532
297,4.0,14.0,14.000000000000002,2.0,4.010000228881838
298,4.0,14.0,16.0,2.0,5.3460001945495605
299,4.0,14.0,17.0,2.0,5.2059998512268075
300,4.0,14.0,20.0,2.0,4.923999786376953
301,4.0,14.0,21.0,2.0,3.8689999580383305
302,4.0,14.0,23.0,2.0,4.501999855041504
303,4.0,15.0,0.0,2.0,4.8540000915527335
304,4.0,15.0,2.0,2.0,4.64300012588501
305,4.0,15.0,4.0,2.0,5.135000228881836
306,4.0,15.0,5.0,2.0,5.276000022888184
307,4.0,15.0,6.0,2.0,5.135000228881836
308,4.0,15.0,7.000000000000001,2.0,5.76800012588501
309,4.0,15.0,8.0,2.0,4.8540000915527335
310,4.0,15.0,9.0,2.0,5.9790000915527335
311,4.0,15.0,10.0,2.0,6.261000156402588
312,4.0,15.0,12.0,2.0,6.61299991607666
313,4.0,15.0,13.0,2.0,6.823999881744385
314,4.0,15.0,14.000000000000002,2.0,8.300999641418457
315,4.0,15.0,15.0,2.0,8.722999572753906
316,4.0,15.0,16.0,2.0,9.425999641418455
317,4.0,15.0,17.0,2.0,9.355999946594238
318,4.0,15.0,18.0,2.0,8.722999572753906
319,4.0,15.0,19.0,2.0,7.809000015258789
320,4.0,15.0,20.0,2.0,6.964000225067138
321,4.0,15.0,21.0,2.0,6.261000156402588
322,4.0,15.0,22.0,2.0,6.050000190734862
323,4.0,16.0,0.0,2.0,6.823999881744385
324,4.0,16.0,1.0,2.0,6.4720001220703125
325,4.0,16.0,3.0,2.0,6.541999816894531
326,4.0,16.0,4.0,2.0,6.4019999504089355
327,4.0,16.0,7.000000000000001,2.0,6.330999851226808
328,4.0,16.0,8.0,2.0,6.541999816894531
329,4.0,16.0,9.0,2.0,6.683000087738037
330,4.0,16.0,10.0,2.0,6.964000225067138
331,4.0,16.0,11.0,2.0,7.315999984741211
332,4.0,16.0,12.0,2.0,6.964000225067138
333,4.0,16.0,13.0,2.0,7.245999813079834
334,4.0,16.0,15.0,2.0,8.65299987792969
335,4.0,16.0,16.0,2.0,9.003999710083008
336,4.0,16.0,17.0,2.0,8.51200008392334
337,4.0,16.0,18.0,2.0,7.737999916076659
338,4.0,16.0,19.0,2.0,7.668000221252441
339,4.0,16.0,21.0,2.0,6.823999881744385
340,4.0,16.0,22.0,2.0,6.894000053405763
341,4.0,16.0,23.0,2.0,6.190999984741212
342,4.0,17.0,1.0,2.0,6.261000156402588
343,4.0,17.0,3.0,2.0,5.908999919891357
344,4.0,17.0,5.0,2.0,5.76800012588501
345,4.0,17.0,7.000000000000001,2.0,6.683000087738037
346,4.0,17.0,8.0,2.0,7.245999813079834
347,4.0,17.0,9.0,2.0,8.159999847412111
348,4.0,17.0,10.0,2.0,8.864000320434572
349,4.0,17.0,11.0,2.0,7.879000186920166
350,4.0,17.0,12.0,2.0,8.090000152587889
351,4.0,17.0,13.0,2.0,8.934000015258789
352,4.0,17.0,15.0,2.0,10.270999908447266
353,4.0,17.0,16.0,2.0,10.904000282287598
354,4.0,17.0,18.0,2.0,10.621999740600586
355,4.0,17.0,20.0,2.0,8.090000152587889
356,4.0,17.0,21.0,2.0,8.159999847412111
357,4.0,17.0,22.0,2.0,7.948999881744385
358,4.0,17.0,23.0,2.0,7.668000221252441
359,4.0,18.0,1.0,2.0,7.245999813079834
360,4.0,18.0,2.0,2.0,7.386000156402588
361,4.0,18.0,3.0,2.0,7.245999813079834
362,4.0,18.0,6.0,2.0,6.964000225067138
363,4.0,18.0,7.000000000000001,2.0,7.737999916076659
364,4.0,18.0,8.0,2.0,9.145000457763672
365,4.0,18.0,10.0,2.0,9.637999534606934
366,4.0,18.0,11.0,2.0,9.21500015258789
367,4.0,18.0,13.0,2.0,9.98900032043457
368,4.0,18.0,14.000000000000002,2.0,11.1850004196167
369,4.0,18.0,15.0,2.0,11.536999702453612
370,4.0,18.0,16.0,2.0,12.310999870300291
371,4.0,18.0,17.0,2.0,12.661999702453612
372,4.0,18.0,18.0,2.0,11.817999839782717
373,4.0,18.0,19.0,2.0,10.130000114440918
374,4.0,18.0,21.0,2.0,9.355999946594238
375,4.0,18.0,22.0,2.0,9.003999710083008
376,4.0,18.0,23.0,2.0,8.934000015258789
377,4.0,19.0,0.0,2.0,8.51200008392334
378,4.0,19.0,1.0,2.0,8.442000389099123
379,4.0,19.0,2.0,2.0,8.371000289916992
380,4.0,19.0,3.0,2.0,8.230999946594237
381,4.0,19.0,4.0,2.0,8.020000457763674
382,4.0,19.0,6.0,2.0,7.526999950408934
383,4.0,19.0,7.000000000000001,2.0,8.090000152587889
384,4.0,19.0,8.0,2.0,9.074999809265137
385,4.0,19.0,9.0,2.0,9.28600025177002
386,4.0,19.0,11.0,2.0,9.777999877929688
387,4.0,19.0,12.0,2.0,10.270999908447266
388,4.0,19.0,13.0,2.0,11.043999671936035
389,4.0,19.0,14.000000000000002,2.0,11.888999938964846
390,4.0,19.0,15.0,2.0,12.592000007629396
391,4.0,19.0,16.0,2.0,12.522000312805176
392,4.0,19.0,18.0,2.0,11.607000350952148
393,4.0,19.0,20.0,2.0,9.848999977111816
394,4.0,19.0,23.0,2.0,8.51200008392334
395,4.0,20.0,1.0,2.0,8.65299987792969
396,4.0,20.0,3.0,2.0,8.371000289916992
397,4.0,20.0,4.0,2.0,8.300999641418457
398,4.0,20.0,5.0,2.0,8.090000152587889
399,4.0,20.0,6.0,2.0,8.371000289916992
400,4.0,20.0,7.000000000000001,2.0,9.145000457763672
401,4.0,20.0,8.0,2.0,9.003999710083008
402,4.0,20.0,9.0,2.0,8.864000320434572
403,4.0,20.0,10.0,2.0,9.496999740600586
404,4.0,20.0,11.0,2.0,9.98900032043457
405,4.0,20.0,12.0,2.0,10.340999603271484
406,4.0,20.0,13.0,2.0,11.748000144958494
407,4.0,20.0,16.0,2.0,13.435999870300291
408,4.0,20.0,17.0,2.0,12.87399959564209
409,4.0,20.0,18.0,2.0,12.239999771118164
410,4.0,20.0,19.0,2.0,11.748000144958494
411,4.0,20.0,21.0,2.0,11.888999938964846
412,4.0,20.0,22.0,2.0,11.043999671936035
413,4.0,20.0,23.0,2.0,10.904000282287598
414,4.0,21.0,0.0,2.0,10.973999977111816
415,4.0,21.0,1.0,2.0,10.904000282287598
416,4.0,21.0,2.0,2.0,11.326000213623049
417,4.0,21.0,3.0,2.0,10.340999603271484
418,4.0,21.0,4.0,2.0,9.56700038909912
419,4.0,21.0,5.0,2.0,10.270999908447266
420,4.0,21.0,8.0,2.0,10.0600004196167
421,4.0,21.0,9.0,2.0,10.621999740600586
422,4.0,21.0,10.0,2.0,10.762999534606934
423,4.0,21.0,11.0,2.0,10.482000350952148
424,4.0,21.0,12.0,2.0,11.255999565124512
425,4.0,21.0,14.000000000000002,2.0,9.777999877929688
426,4.0,21.0,16.0,2.0,9.848999977111816
427,4.0,21.0,17.0,2.0,9.56700038909912
428,4.0,21.0,18.0,2.0,9.425999641418455
429,4.0,21.0,19.0,2.0,9.355999946594238
430,4.0,21.0,22.0,2.0,9.21500015258789
431,4.0,21.0,23.0,2.0,9.145000457763672
432,4.0,22.0,1.0,2.0,9.708000183105469
433,4.0,22.0,2.0,2.0,9.637999534606934
434,4.0,22.0,3.0,2.0,9.708000183105469
435,4.0,22.0,4.0,2.0,7.0349998474121085
436,4.0,22.0,6.0,2.0,9.355999946594238
437,4.0,22.0,7.000000000000001,2.0,8.51200008392334
438,4.0,22.0,8.0,2.0,9.98900032043457
439,4.0,22.0,9.0,2.0,10.340999603271484
440,4.0,22.0,10.0,2.0,9.918999671936035
441,4.0,22.0,11.0,2.0,9.425999641418455
442,4.0,22.0,13.0,2.0,9.496999740600586
443,4.0,22.0,14.000000000000002,2.0,9.355999946594238
444,4.0,22.0,15.0,2.0,9.918999671936035
445,4.0,22.0,17.0,2.0,10.270999908447266
446,4.0,22.0,18.0,2.0,10.0600004196167
447,4.0,22.0,19.0,2.0,9.98900032043457
448,4.0,22.0,21.0,2.0,8.442000389099123
449,4.0,22.0,22.0,2.0,7.737999916076659
450,4.0,22.0,23.0,2.0,7.105000019073486
451,4.0,23.0,1.0,2.0,6.4019999504089355
452,4.0,23.0,3.0,2.0,5.908999919891357
453,4.0,23.0,4.0,2.0,5.416999816894531
454,4.0,23.0,5.0,2.0,4.994999885559082
455,4.0,23.0,7.000000000000001,2.0,4.64300012588501
456,4.0,23.0,8.0,2.0,4.361999988555908
457,4.0,23.0,12.0,2.0,3.5169999599456787
458,4.0,23.0,15.0,2.0,3.7279999256134033
459,4.0,23.0,16.0,2.0,5.2059998512268075
460,4.0,23.0,20.0,2.0,4.64300012588501
461,4.0,23.0,23.0,2.0,5.135000228881836
462,4.0,24.0,0.0,2.0,6.261000156402588
463,4.0,24.0,1.0,2.0,6.4019999504089355
464,4.0,24.0,2.0,2.0,6.61299991607666
465,4.0,24.0,4.0,2.0,6.683000087738037
466,4.0,24.0,7.000000000000001,2.0,6.541999816894531
467,4.0,24.0,8.0,2.0,6.261000156402588
468,4.0,24.0,9.0,2.0,6.964000225067138
469,4.0,24.0,10.0,2.0,6.4720001220703125
470,4.0,24.0,11.0,2.0,7.105000019073486
471,4.0,24.0,12.0,2.0,7.175000190734862
472,4.0,24.0,15.0,2.0,8.65299987792969
473,4.0,24.0,16.0,2.0,8.230999946594237
474,4.0,24.0,17.0,2.0,7.668000221252441
475,4.0,24.0,19.0,2.0,7.948999881744385
476,4.0,24.0,20.0,2.0,7.809000015258789
477,4.0,24.0,21.0,2.0,7.737999916076659
478,4.0,24.0,22.0,2.0,7.386000156402588
479,4.0,24.0,23.0,2.0,7.668000221252441
480,4.0,25.0,1.0,2.0,7.315999984741211
481,4.0,25.0,2.0,2.0,7.809000015258789
482,4.0,25.0,3.0,2.0,7.526999950408934
483,4.0,25.0,5.0,2.0,7.0349998474121085
484,4.0,25.0,7.000000000000001,2.0,9.074999809265137
485,4.0,25.0,8.0,2.0,8.020000457763674
486,4.0,25.0,9.0,2.0,8.51200008392334
487,4.0,25.0,10.0,2.0,9.496999740600586
488,4.0,25.0,11.0,2.0,9.145000457763672
489,4.0,25.0,12.0,2.0,9.56700038909912
490,4.0,25.0,13.0,2.0,8.864000320434572
491,4.0,25.0,14.000000000000002,2.0,9.848999977111816
492,4.0,25.0,15.0,2.0,10.199999809265137
493,4.0,25.0,16.0,2.0,9.98900032043457
494,4.0,25.0,18.0,2.0,10.270999908447266
495,4.0,25.0,19.0,2.0,9.425999641418455
496,4.0,25.0,21.0,2.0,9.074999809265137
497,4.0,25.0,22.0,2.0,8.934000015258789
498,4.0,25.0,23.0,2.0,8.51200008392334
499,4.0,26.0,0.0,2.0,8.722999572753906
500,4.0,26.0,1.0,2.0,8.51200008392334
501,4.0,26.0,2.0,2.0,9.21500015258789
502,4.0,26.0,3.0,2.0,9.425999641418455
503,4.0,26.0,4.0,2.0,9.355999946594238
504,4.0,26.0,6.0,2.0,9.074999809265137
505,4.0,26.0,7.000000000000001,2.0,9.848999977111816
506,4.0,26.0,8.0,2.0,10.270999908447266
507,4.0,26.0,9.0,2.0,9.848999977111816
508,4.0,26.0,10.0,2.0,9.98900032043457
509,4.0,26.0,11.0,2.0,10.692999839782717
510,4.0,26.0,12.0,2.0,10.833000183105469
511,4.0,26.0,13.0,2.0,10.621999740600586
512,4.0,26.0,14.000000000000002,2.0,11.114999771118164
513,4.0,26.0,15.0,2.0,10.482000350952148
514,4.0,26.0,16.0,2.0,11.607000350952148
515,4.0,26.0,17.0,2.0,11.326000213623049
516,4.0,26.0,18.0,2.0,10.0600004196167
517,4.0,26.0,19.0,2.0,10.340999603271484
518,4.0,26.0,20.0,2.0,9.777999877929688
519,4.0,26.0,21.0,2.0,10.130000114440918
520,4.0,26.0,22.0,2.0,10.482000350952148
521,4.0,26.0,23.0,2.0,9.848999977111816
522,4.0,27.0,0.0,2.0,9.777999877929688
523,4.0,27.0,1.0,2.0,9.918999671936035
524,4.0,27.0,3.0,2.0,9.425999641418455
525,4.0,27.0,5.0,2.0,9.637999534606934
526,4.0,27.0,6.0,2.0,9.777999877929688
527,4.0,27.0,8.0,2.0,11.1850004196167
528,4.0,27.0,9.0,2.0,11.255999565124512
529,4.0,27.0,10.0,2.0,11.678000450134276
530,4.0,27.0,11.0,2.0,11.326000213623049
531,4.0,27.0,13.0,2.0,12.732999801635742
532,4.0,27.0,14.000000000000002,2.0,13.085000038146973
533,4.0,27.0,15.0,2.0,13.99899959564209
534,4.0,27.0,16.0,2.0,14.210000038146973
535,4.0,27.0,17.0,2.0,13.99899959564209
536,4.0,27.0,19.0,2.0,12.451000213623049
537,4.0,27.0,21.0,2.0,11.326000213623049
538,4.0,27.0,22.0,2.0,11.043999671936035
539,4.0,27.0,23.0,2.0,10.973999977111816
540,4.0,28.0,0.0,2.0,10.833000183105469
541,4.0,28.0,1.0,2.0,10.692999839782717
542,4.0,28.0,2.0,2.0,10.973999977111816
543,4.0,28.0,3.0,2.0,9.56700038909912
544,4.0,28.0,7.000000000000001,2.0,9.637999534606934
545,4.0,28.0,8.0,2.0,10.199999809265137
546,4.0,28.0,9.0,2.0,10.0600004196167
547,4.0,28.0,10.0,2.0,10.833000183105469
548,4.0,28.0,12.0,2.0,11.326000213623049
549,4.0,28.0,13.0,2.0,11.817999839782717
550,4.0,28.0,14.000000000000002,2.0,12.803000450134276
551,4.0,28.0,15.0,2.0,13.225000381469728
552,4.0,28.0,16.0,2.0,13.928999900817873
553,4.0,28.0,17.0,2.0,13.085000038146973
554,4.0,28.0,18.0,2.0,12.592000007629396
555,4.0,28.0,19.0,2.0,11.817999839782717
556,4.0,28.0,20.0,2.0,11.536999702453612
557,4.0,28.0,21.0,2.0,11.114999771118164
558,4.0,28.0,22.0,2.0,10.833000183105469
559,4.0,28.0,23.0,2.0,10.692999839782717
560,4.0,29.0,3.0,2.0,11.1850004196167
561,4.0,29.0,4.0,2.0,11.748000144958494
562,4.0,29.0,6.0,2.0,11.326000213623049
563,4.0,29.0,7.000000000000001,2.0,11.958999633789062
564,4.0,29.0,9.0,2.0,12.661999702453612
565,4.0,29.0,10.0,2.0,12.592000007629396
566,4.0,29.0,12.0,2.0,12.522000312805176
567,4.0,29.0,14.000000000000002,2.0,12.803000450134276
568,4.0,29.0,15.0,2.0,12.661999702453612
569,4.0,29.0,16.0,2.0,12.451000213623049
570,4.0,29.0,17.0,2.0,13.29599952697754
571,4.0,29.0,18.0,2.0,12.944000244140623
572,4.0,29.0,22.0,2.0,12.522000312805176
573,4.0,29.0,23.0,2.0,12.380999565124512
574,4.0,30.0,0.0,2.0,12.732999801635742
575,4.0,30.0,1.0,2.0,12.522000312805176
576,4.0,30.0,2.0,2.0,12.100000381469728
577,4.0,30.0,3.0,2.0,11.678000450134276
578,4.0,30.0,5.0,2.0,12.592000007629396
579,4.0,30.0,6.0,2.0,12.732999801635742
580,4.0,30.0,7.000000000000001,2.0,12.944000244140623
581,4.0,30.0,8.0,2.0,12.87399959564209
582,4.0,30.0,9.0,2.0,12.522000312805176
583,4.0,30.0,10.0,2.0,13.718000411987305
584,4.0,30.0,11.0,2.0,13.647000312805176
585,4.0,30.0,17.0,2.0,15.82800006866455
586,4.0,30.0,18.0,2.0,14.77299976348877
587,4.0,30.0,20.0,2.0,13.57699966430664
588,4.0,30.0,21.0,2.0,13.225000381469728
589,4.0,30.0,22.0,2.0,13.506999969482422
590,4.0,30.0,23.0,2.0,13.366000175476074
591,5.0,1.0,4.0,2.0,13.085000038146973
592,5.0,1.0,5.0,2.0,13.647000312805176
593,5.0,1.0,8.0,2.0,14.069000244140621
594,5.0,1.0,9.0,2.0,13.435999870300291
595,5.0,1.0,11.0,2.0,12.87399959564209
596,5.0,1.0,16.0,2.0,13.435999870300291
597,5.0,1.0,17.0,2.0,13.647000312805176
598,5.0,1.0,18.0,2.0,7.526999950408934
599,5.0,1.0,21.0,2.0,9.777999877929688
600,5.0,1.0,22.0,2.0,10.833000183105469
601,5.0,1.0,23.0,2.0,10.482000350952148
602,5.0,2.0,1.0,2.0,10.340999603271484
603,5.0,2.0,2.0,2.0,10.199999809265137
604,5.0,2.0,3.0,2.0,10.0600004196167
605,5.0,2.0,5.0,2.0,9.637999534606934
606,5.0,2.0,6.0,2.0,10.130000114440918
607,5.0,2.0,7.000000000000001,2.0,9.21500015258789
608,5.0,2.0,9.0,2.0,9.708000183105469
609,5.0,2.0,11.0,2.0,9.425999641418455
610,5.0,2.0,12.0,2.0,9.918999671936035
611,5.0,2.0,16.0,2.0,10.482000350952148
612,5.0,2.0,17.0,2.0,10.621999740600586
613,5.0,2.0,18.0,2.0,10.833000183105469
614,5.0,2.0,19.0,2.0,10.0600004196167
615,5.0,2.0,20.0,2.0,10.130000114440918
616,5.0,2.0,21.0,2.0,9.074999809265137
617,5.0,2.0,22.0,2.0,8.020000457763674
618,5.0,2.0,23.0,2.0,7.737999916076659
619,5.0,3.0,0.0,2.0,8.230999946594237
620,5.0,3.0,1.0,2.0,7.809000015258789
621,5.0,3.0,2.0,2.0,8.230999946594237
622,5.0,3.0,5.0,2.0,8.371000289916992
623,5.0,3.0,7.000000000000001,2.0,9.637999534606934
624,5.0,3.0,8.0,2.0,9.918999671936035
625,5.0,3.0,9.0,2.0,9.708000183105469
626,5.0,3.0,10.0,2.0,9.496999740600586
627,5.0,3.0,11.0,2.0,9.21500015258789
628,5.0,3.0,12.0,2.0,9.777999877929688
629,5.0,3.0,13.0,2.0,10.621999740600586
630,5.0,3.0,14.000000000000002,2.0,12.029000282287598
631,5.0,3.0,15.0,2.0,12.944000244140623
632,5.0,3.0,16.0,2.0,13.857999801635742
633,5.0,3.0,17.0,2.0,12.944000244140623
634,5.0,3.0,18.0,2.0,13.29599952697754
635,5.0,3.0,20.0,2.0,11.395999908447266
636,5.0,3.0,21.0,2.0,11.326000213623049
637,5.0,3.0,22.0,2.0,10.973999977111816
638,5.0,3.0,23.0,2.0,10.904000282287598
639,5.0,4.0,0.0,2.0,10.41100025177002
640,5.0,4.0,2.0,2.0,10.130000114440918
641,5.0,4.0,3.0,2.0,10.0600004196167
642,5.0,4.0,4.0,2.0,10.199999809265137
643,5.0,4.0,5.0,2.0,10.270999908447266
644,5.0,4.0,6.0,2.0,10.199999809265137
645,5.0,4.0,7.000000000000001,2.0,11.043999671936035
646,5.0,4.0,8.0,2.0,11.536999702453612
647,5.0,4.0,9.0,2.0,10.973999977111816
648,5.0,4.0,10.0,2.0,11.326000213623049
649,5.0,4.0,11.0,2.0,12.029000282287598
650,5.0,4.0,12.0,2.0,12.310999870300291
651,5.0,4.0,14.000000000000002,2.0,14.210000038146973
652,5.0,4.0,16.0,2.0,15.54699993133545
653,5.0,4.0,18.0,2.0,13.506999969482422
654,5.0,4.0,22.0,2.0,12.451000213623049
655,5.0,4.0,23.0,2.0,12.522000312805176
656,5.0,5.0,0.0,2.0,11.958999633789062
657,5.0,5.0,1.0,2.0,12.239999771118164
658,5.0,5.0,3.0,2.0,11.888999938964846
659,5.0,5.0,4.0,2.0,11.467000007629396
660,5.0,5.0,5.0,2.0,8.722999572753906
661,5.0,5.0,7.000000000000001,2.0,7.315999984741211
662,5.0,5.0,9.0,2.0,6.683000087738037
663,5.0,5.0,10.0,2.0,8.864000320434572
664,5.0,5.0,11.0,2.0,10.130000114440918
665,5.0,5.0,12.0,2.0,11.043999671936035
666,5.0,5.0,13.0,2.0,11.1850004196167
667,5.0,5.0,14.000000000000002,2.0,11.043999671936035
668,5.0,5.0,15.0,2.0,11.326000213623049
669,5.0,5.0,16.0,2.0,11.607000350952148
670,5.0,5.0,18.0,2.0,11.536999702453612
671,5.0,6.0,1.0,2.0,12.029000282287598
672,5.0,6.0,2.0,2.0,12.239999771118164
673,5.0,6.0,4.0,2.0,11.817999839782717
674,5.0,6.0,5.0,2.0,12.451000213623049
675,5.0,6.0,7.000000000000001,2.0,12.380999565124512
676,5.0,6.0,8.0,2.0,12.029000282287598
677,5.0,6.0,10.0,2.0,11.888999938964846
678,5.0,6.0,12.0,2.0,7.105000019073486
679,5.0,6.0,13.0,2.0,8.934000015258789
680,5.0,6.0,14.000000000000002,2.0,9.28600025177002
681,5.0,6.0,15.0,2.0,9.074999809265137
682,5.0,6.0,17.0,2.0,7.668000221252441
683,5.0,6.0,18.0,2.0,9.56700038909912
684,5.0,6.0,21.0,2.0,8.020000457763674
685,5.0,6.0,22.0,2.0,7.456999778747559
686,5.0,6.0,23.0,2.0,7.597000122070312
687,5.0,7.0,1.0,2.0,7.456999778747559
688,5.0,7.0,3.0,2.0,7.668000221252441
689,5.0,7.0,4.0,2.0,8.090000152587889
690,5.0,7.0,6.0,2.0,8.65299987792969
691,5.0,7.0,9.0,2.0,7.948999881744385
692,5.0,7.0,10.0,2.0,8.159999847412111
693,5.0,7.0,12.0,2.0,8.722999572753906
694,5.0,7.0,13.0,2.0,8.230999946594237
695,5.0,7.0,15.0,2.0,7.737999916076659
696,5.0,7.0,16.0,2.0,7.386000156402588
697,5.0,7.0,17.0,2.0,7.315999984741211
698,5.0,7.0,18.0,2.0,7.737999916076659
699,5.0,7.0,20.0,2.0,8.864000320434572
700,5.0,7.0,21.0,2.0,9.074999809265137
701,5.0,7.0,22.0,2.0,8.442000389099123
702,5.0,8.0,0.0,2.0,8.51200008392334
703,5.0,8.0,1.0,2.0,8.020000457763674
704,5.0,8.0,2.0,2.0,7.737999916076659
705,5.0,8.0,4.0,2.0,7.105000019073486
706,5.0,8.0,5.0,2.0,7.597000122070312
707,5.0,8.0,6.0,2.0,8.300999641418457
708,5.0,8.0,7.000000000000001,2.0,6.964000225067138
709,5.0,8.0,10.0,2.0,8.300999641418457
710,5.0,8.0,12.0,2.0,8.934000015258789
711,5.0,8.0,13.0,2.0,10.130000114440918
712,5.0,8.0,16.0,2.0,12.592000007629396
713,5.0,8.0,17.0,2.0,12.310999870300291
714,5.0,8.0,18.0,2.0,11.748000144958494
715,5.0,8.0,19.0,2.0,10.621999740600586
716,5.0,8.0,23.0,2.0,9.074999809265137
717,5.0,9.0,7.000000000000001,2.0,7.879000186920166
718,5.0,9.0,8.0,2.0,8.230999946594237
719,5.0,9.0,10.0,2.0,8.581999778747559
720,5.0,9.0,11.0,2.0,9.074999809265137
721,5.0,9.0,14.000000000000002,2.0,11.607000350952148
722,5.0,9.0,16.0,2.0,12.661999702453612
723,5.0,9.0,17.0,2.0,12.87399959564209
724,5.0,9.0,19.0,2.0,11.607000350952148
725,5.0,9.0,22.0,2.0,9.425999641418455
726,5.0,9.0,23.0,2.0,8.722999572753906
727,5.0,10.0,2.0,2.0,7.315999984741211
728,5.0,10.0,6.0,2.0,6.050000190734862
729,5.0,10.0,7.000000000000001,2.0,6.4019999504089355
730,5.0,10.0,8.0,2.0,6.61299991607666
731,5.0,10.0,9.0,2.0,6.683000087738037
732,5.0,10.0,10.0,2.0,7.456999778747559
733,5.0,10.0,11.0,2.0,7.105000019073486
734,5.0,10.0,12.0,2.0,8.159999847412111
735,5.0,10.0,14.000000000000002,2.0,9.637999534606934
736,5.0,10.0,15.0,2.0,10.130000114440918
737,5.0,10.0,16.0,2.0,10.0600004196167
738,5.0,10.0,17.0,2.0,9.918999671936035
739,5.0,10.0,18.0,2.0,9.56700038909912
740,5.0,10.0,21.0,2.0,8.230999946594237
741,5.0,10.0,22.0,2.0,8.371000289916992
742,5.0,10.0,23.0,2.0,7.948999881744385
743,5.0,11.0,0.0,2.0,7.809000015258789
744,5.0,11.0,3.0,2.0,7.737999916076659
745,5.0,11.0,4.0,2.0,7.809000015258789
746,5.0,11.0,5.0,2.0,8.300999641418457
747,5.0,11.0,6.0,2.0,8.65299987792969
748,5.0,11.0,7.000000000000001,2.0,8.793000221252441
749,5.0,11.0,8.0,2.0,8.722999572753906
750,5.0,11.0,9.0,2.0,9.496999740600586
751,5.0,11.0,10.0,2.0,10.482000350952148
752,5.0,11.0,13.0,2.0,12.100000381469728
753,5.0,11.0,14.000000000000002,2.0,11.255999565124512
754,5.0,11.0,16.0,2.0,11.395999908447266
755,5.0,11.0,17.0,2.0,11.114999771118164
756,5.0,11.0,18.0,2.0,10.692999839782717
757,5.0,11.0,19.0,2.0,10.762999534606934
758,5.0,11.0,20.0,2.0,11.467000007629396
759,5.0,11.0,22.0,2.0,11.888999938964846
760,5.0,12.0,0.0,2.0,11.817999839782717
761,5.0,12.0,1.0,2.0,11.467000007629396
762,5.0,12.0,2.0,2.0,11.607000350952148
763,5.0,12.0,3.0,2.0,9.848999977111816
764,5.0,12.0,4.0,2.0,8.371000289916992
765,5.0,12.0,5.0,2.0,10.130000114440918
766,5.0,12.0,6.0,2.0,10.762999534606934
767,5.0,12.0,7.000000000000001,2.0,8.442000389099123
768,5.0,12.0,9.0,2.0,9.777999877929688
769,5.0,12.0,11.0,2.0,10.904000282287598
770,5.0,12.0,13.0,2.0,10.621999740600586
771,5.0,12.0,14.000000000000002,2.0,10.833000183105469
772,5.0,12.0,16.0,2.0,10.904000282287598
773,5.0,12.0,17.0,2.0,10.552000045776367
774,5.0,12.0,18.0,2.0,11.114999771118164
775,5.0,12.0,19.0,2.0,11.043999671936035
776,5.0,12.0,22.0,2.0,10.130000114440918
777,5.0,12.0,23.0,2.0,10.340999603271484
778,5.0,13.0,0.0,2.0,10.482000350952148
779,5.0,13.0,2.0,2.0,9.918999671936035
780,5.0,13.0,3.0,2.0,9.98900032043457
781,5.0,13.0,5.0,2.0,9.98900032043457
782,5.0,13.0,6.0,2.0,10.270999908447266
783,5.0,13.0,8.0,2.0,10.552000045776367
784,5.0,13.0,9.0,2.0,11.326000213623049
785,5.0,13.0,10.0,2.0,11.536999702453612
786,5.0,13.0,11.0,2.0,12.380999565124512
787,5.0,13.0,12.0,2.0,12.451000213623049
788,5.0,13.0,13.0,2.0,13.085000038146973
789,5.0,13.0,17.0,2.0,15.54699993133545
790,5.0,13.0,19.0,2.0,13.435999870300291
791,5.0,13.0,20.0,2.0,13.29599952697754
792,5.0,13.0,21.0,2.0,12.944000244140623
793,5.0,13.0,22.0,2.0,12.661999702453612
794,5.0,13.0,23.0,2.0,12.522000312805176
795,5.0,14.0,0.0,2.0,12.451000213623049
796,5.0,14.0,1.0,2.0,12.522000312805176
797,5.0,14.0,2.0,2.0,12.732999801635742
798,5.0,14.0,4.0,2.0,12.592000007629396
799,5.0,14.0,5.0,2.0,12.451000213623049
800,5.0,14.0,6.0,2.0,12.732999801635742
801,5.0,14.0,7.000000000000001,2.0,12.451000213623049
802,5.0,14.0,8.0,2.0,13.225000381469728
803,5.0,14.0,9.0,2.0,13.366000175476074
804,5.0,14.0,10.0,2.0,13.718000411987305
805,5.0,14.0,11.0,2.0,14.70300006866455
806,5.0,14.0,13.0,2.0,14.70300006866455
807,5.0,14.0,18.0,2.0,16.180000305175778
808,5.0,14.0,20.0,2.0,15.336000442504885
809,5.0,14.0,22.0,2.0,14.984000205993652
810,5.0,14.0,23.0,2.0,14.70300006866455
811,5.0,15.0,3.0,2.0,14.562000274658203
812,5.0,15.0,4.0,2.0,14.279999732971191
813,5.0,15.0,10.0,2.0,15.19499969482422
814,5.0,15.0,12.0,2.0,15.406000137329102
815,5.0,15.0,21.0,2.0,15.968999862670898
816,5.0,15.0,22.0,2.0,15.89799976348877
817,5.0,16.0,8.0,2.0,15.687000274658201
818,5.0,16.0,10.0,2.0,15.336000442504885
819,5.0,16.0,12.0,2.0,14.70300006866455
820,5.0,16.0,18.0,2.0,15.82800006866455
821,5.0,16.0,22.0,2.0,16.672000885009766
822,5.0,17.0,2.0,2.0,14.631999969482422
823,5.0,17.0,3.0,2.0,12.239999771118164
824,5.0,17.0,4.0,2.0,9.708000183105469
825,5.0,17.0,7.000000000000001,2.0,10.973999977111816
826,5.0,17.0,8.0,2.0,8.090000152587889
827,5.0,17.0,9.0,2.0,11.326000213623049
828,5.0,17.0,11.0,2.0,13.154999732971191
829,5.0,17.0,12.0,2.0,12.522000312805176
830,5.0,17.0,16.0,2.0,13.99899959564209
831,5.0,17.0,18.0,2.0,14.140000343322756
832,5.0,17.0,19.0,2.0,13.788000106811523
833,5.0,17.0,20.0,2.0,13.506999969482422
834,5.0,17.0,22.0,2.0,13.435999870300291
835,5.0,17.0,23.0,2.0,13.366000175476074
836,5.0,18.0,0.0,2.0,12.944000244140623
837,5.0,18.0,3.0,2.0,13.085000038146973
838,5.0,18.0,7.000000000000001,2.0,12.944000244140623
839,5.0,18.0,8.0,2.0,12.87399959564209
840,5.0,18.0,9.0,2.0,12.522000312805176
841,5.0,18.0,11.0,2.0,12.732999801635742
842,5.0,18.0,12.0,2.0,12.803000450134276
843,5.0,18.0,13.0,2.0,12.592000007629396
844,5.0,18.0,14.000000000000002,2.0,12.87399959564209
845,5.0,18.0,15.0,2.0,12.732999801635742
846,5.0,18.0,17.0,2.0,8.090000152587889
847,5.0,18.0,18.0,2.0,6.330999851226808
848,5.0,18.0,20.0,2.0,6.4019999504089355
849,5.0,18.0,23.0,2.0,8.51200008392334
850,5.0,19.0,2.0,2.0,8.230999946594237
851,5.0,19.0,4.0,2.0,7.809000015258789
852,5.0,19.0,5.0,2.0,7.737999916076659
853,5.0,19.0,8.0,2.0,7.879000186920166
854,5.0,19.0,9.0,2.0,7.105000019073486
855,5.0,19.0,10.0,2.0,7.597000122070312
856,5.0,19.0,11.0,2.0,7.456999778747559
857,5.0,19.0,12.0,2.0,7.809000015258789
858,5.0,19.0,13.0,2.0,7.879000186920166
859,5.0,19.0,14.000000000000002,2.0,8.020000457763674
860,5.0,19.0,15.0,2.0,7.668000221252441
861,5.0,19.0,17.0,2.0,7.0349998474121085
862,5.0,19.0,18.0,2.0,7.175000190734862
863,5.0,19.0,19.0,2.0,7.0349998474121085
864,5.0,19.0,21.0,2.0,7.386000156402588
865,5.0,19.0,22.0,2.0,7.315999984741211
866,5.0,19.0,23.0,2.0,7.105000019073486
867,5.0,20.0,3.0,2.0,6.752999782562257
868,5.0,20.0,4.0,2.0,6.823999881744385
869,5.0,20.0,7.000000000000001,2.0,6.823999881744385
870,5.0,20.0,8.0,2.0,7.105000019073486
871,5.0,20.0,11.0,2.0,7.175000190734862
872,5.0,20.0,12.0,2.0,6.964000225067138
873,5.0,20.0,13.0,2.0,6.823999881744385
874,5.0,20.0,14.000000000000002,2.0,6.683000087738037
875,5.0,20.0,15.0,2.0,6.330999851226808
876,5.0,20.0,16.0,2.0,6.541999816894531
877,5.0,20.0,17.0,2.0,4.361999988555908
878,5.0,20.0,19.0,2.0,5.627999782562256
879,5.0,20.0,20.0,2.0,5.9790000915527335
880,5.0,20.0,21.0,2.0,5.697999954223633
881,5.0,20.0,22.0,2.0,5.908999919891357
882,5.0,20.0,23.0,2.0,5.76800012588501
883,5.0,21.0,0.0,2.0,5.697999954223633
884,5.0,21.0,1.0,2.0,5.416999816894531
885,5.0,21.0,3.0,2.0,5.627999782562256
886,5.0,21.0,4.0,2.0,5.697999954223633
887,5.0,21.0,5.0,2.0,6.050000190734862
888,5.0,21.0,6.0,2.0,5.908999919891357
889,5.0,21.0,8.0,2.0,6.050000190734862
890,5.0,21.0,9.0,2.0,6.4720001220703125
891,5.0,21.0,12.0,2.0,6.752999782562257
892,5.0,21.0,13.0,2.0,7.105000019073486
893,5.0,21.0,14.000000000000002,2.0,7.175000190734862
894,5.0,21.0,15.0,2.0,7.315999984741211
895,5.0,21.0,16.0,2.0,5.627999782562256
896,5.0,21.0,17.0,2.0,4.432000160217286
897,5.0,21.0,18.0,2.0,6.4720001220703125
898,5.0,21.0,20.0,2.0,6.894000053405763
899,5.0,21.0,21.0,2.0,6.61299991607666
900,5.0,21.0,22.0,2.0,6.894000053405763
901,5.0,21.0,23.0,2.0,6.683000087738037
902,5.0,22.0,0.0,2.0,6.964000225067138
903,5.0,22.0,1.0,2.0,7.315999984741211
904,5.0,22.0,2.0,2.0,7.456999778747559
905,5.0,22.0,3.0,2.0,7.879000186920166
906,5.0,22.0,4.0,2.0,8.300999641418457
907,5.0,22.0,5.0,2.0,9.003999710083008
908,5.0,22.0,6.0,2.0,9.145000457763672
909,5.0,22.0,8.0,2.0,6.823999881744385
910,5.0,22.0,9.0,2.0,6.683000087738037
911,5.0,22.0,11.0,2.0,3.7279999256134033
912,5.0,22.0,12.0,2.0,4.150000095367432
913,5.0,22.0,13.0,2.0,6.541999816894531
914,5.0,22.0,14.000000000000002,2.0,6.964000225067138
915,5.0,22.0,15.0,2.0,6.261000156402588
916,5.0,22.0,16.0,2.0,6.119999885559082
917,5.0,22.0,17.0,2.0,6.894000053405763
918,5.0,22.0,19.0,2.0,7.0349998474121085
919,5.0,22.0,21.0,2.0,7.737999916076659
920,5.0,22.0,22.0,2.0,7.809000015258789
921,5.0,22.0,23.0,2.0,6.752999782562257
922,5.0,23.0,0.0,2.0,7.105000019073486
923,5.0,23.0,1.0,2.0,6.61299991607666
924,5.0,23.0,2.0,2.0,6.823999881744385
925,5.0,23.0,3.0,2.0,6.4720001220703125
926,5.0,23.0,4.0,2.0,7.597000122070312
927,5.0,23.0,5.0,2.0,6.894000053405763
928,5.0,23.0,6.0,2.0,7.668000221252441
929,5.0,23.0,7.000000000000001,2.0,9.21500015258789
930,5.0,23.0,8.0,2.0,9.848999977111816
931,5.0,23.0,9.0,2.0,9.003999710083008
932,5.0,23.0,10.0,2.0,9.28600025177002
933,5.0,23.0,11.0,2.0,9.56700038909912
934,5.0,23.0,12.0,2.0,9.21500015258789
935,5.0,23.0,14.000000000000002,2.0,10.482000350952148
936,5.0,23.0,15.0,2.0,11.958999633789062
937,5.0,23.0,16.0,2.0,11.678000450134276
938,5.0,23.0,19.0,2.0,9.918999671936035
939,5.0,23.0,22.0,2.0,9.28600025177002
940,5.0,23.0,23.0,2.0,8.793000221252441
941,5.0,24.0,0.0,2.0,8.442000389099123
942,5.0,24.0,2.0,2.0,8.371000289916992
943,5.0,24.0,4.0,2.0,8.230999946594237
944,5.0,24.0,6.0,2.0,8.51200008392334
945,5.0,24.0,8.0,2.0,9.28600025177002
946,5.0,24.0,9.0,2.0,9.637999534606934
947,5.0,24.0,10.0,2.0,8.864000320434572
948,5.0,24.0,12.0,2.0,9.496999740600586
949,5.0,24.0,14.000000000000002,2.0,9.777999877929688
950,5.0,24.0,15.0,2.0,11.1850004196167
951,5.0,24.0,16.0,2.0,10.762999534606934
952,5.0,24.0,17.0,2.0,9.918999671936035
953,5.0,24.0,18.0,2.0,10.340999603271484
954,5.0,24.0,19.0,2.0,9.918999671936035
955,5.0,25.0,1.0,2.0,8.51200008392334
956,5.0,25.0,2.0,2.0,8.65299987792969
957,5.0,25.0,3.0,2.0,7.737999916076659
958,5.0,25.0,4.0,2.0,8.51200008392334
959,5.0,25.0,5.0,2.0,9.003999710083008
960,5.0,25.0,6.0,2.0,9.145000457763672
961,5.0,25.0,7.000000000000001,2.0,9.425999641418455
962,5.0,25.0,8.0,2.0,9.145000457763672
963,5.0,25.0,9.0,2.0,9.777999877929688
964,5.0,25.0,10.0,2.0,9.918999671936035
965,5.0,25.0,12.0,2.0,9.21500015258789
966,5.0,25.0,14.000000000000002,2.0,8.864000320434572
967,5.0,25.0,16.0,2.0,8.51200008392334
968,5.0,25.0,17.0,2.0,8.864000320434572
969,5.0,25.0,18.0,2.0,5.9790000915527335
970,5.0,25.0,19.0,2.0,6.823999881744385
971,5.0,25.0,20.0,2.0,5.76800012588501
972,5.0,25.0,23.0,2.0,6.261000156402588
973,5.0,26.0,0.0,2.0,7.526999950408934
974,5.0,26.0,2.0,2.0,7.456999778747559
975,5.0,26.0,5.0,2.0,8.51200008392334
976,5.0,26.0,7.000000000000001,2.0,8.371000289916992
977,5.0,26.0,8.0,2.0,7.597000122070312
978,5.0,26.0,9.0,2.0,8.442000389099123
979,5.0,26.0,10.0,2.0,8.159999847412111
980,5.0,26.0,12.0,2.0,8.722999572753906
981,5.0,26.0,13.0,2.0,9.425999641418455
982,5.0,26.0,14.000000000000002,2.0,9.21500015258789
983,5.0,26.0,15.0,2.0,9.355999946594238
984,5.0,26.0,16.0,2.0,9.425999641418455
985,5.0,26.0,17.0,2.0,9.074999809265137
986,5.0,26.0,18.0,2.0,8.864000320434572
987,5.0,26.0,19.0,2.0,8.934000015258789
988,5.0,26.0,21.0,2.0,9.425999641418455
989,5.0,27.0,0.0,2.0,8.371000289916992
990,5.0,27.0,1.0,2.0,8.864000320434572
991,5.0,27.0,2.0,2.0,9.425999641418455
992,5.0,27.0,3.0,2.0,9.21500015258789
993,5.0,27.0,5.0,2.0,9.355999946594238
994,5.0,27.0,7.000000000000001,2.0,9.777999877929688
995,5.0,27.0,8.0,2.0,9.28600025177002
996,5.0,27.0,9.0,2.0,9.56700038909912
997,5.0,27.0,11.0,2.0,9.21500015258789
998,5.0,27.0,12.0,2.0,10.130000114440918
999,5.0,27.0,13.0,2.0,10.762999534606934
1000,5.0,27.0,14.000000000000002,2.0,10.621999740600586
1001,5.0,27.0,15.0,2.0,11.536999702453612
1002,5.0,27.0,17.0,2.0,11.326000213623049
1003,5.0,27.0,18.0,2.0,11.467000007629396
1004,5.0,27.0,19.0,2.0,10.482000350952148
1005,5.0,27.0,20.0,2.0,10.130000114440918
1006,5.0,27.0,21.0,2.0,9.918999671936035
1007,5.0,27.0,22.0,2.0,9.848999977111816
1008,5.0,28.0,4.0,2.0,9.708000183105469
1009,5.0,28.0,6.0,2.0,10.199999809265137
1010,5.0,28.0,7.000000000000001,2.0,10.973999977111816
1011,5.0,28.0,8.0,2.0,10.482000350952148
1012,5.0,28.0,10.0,2.0,10.270999908447266
1013,5.0,28.0,15.0,2.0,11.958999633789062
1014,5.0,28.0,16.0,2.0,11.536999702453612
1015,5.0,28.0,18.0,2.0,11.255999565124512
1016,5.0,28.0,19.0,2.0,11.114999771118164
1017,5.0,28.0,20.0,2.0,10.762999534606934
1018,5.0,28.0,21.0,2.0,10.692999839782717
1019,5.0,28.0,22.0,2.0,10.762999534606934
1020,5.0,28.0,23.0,2.0,10.552000045776367
1021,5.0,29.0,0.0,2.0,10.621999740600586
1022,5.0,29.0,1.0,2.0,10.482000350952148
1023,5.0,29.0,4.0,2.0,10.833000183105469
1024,5.0,29.0,5.0,2.0,10.692999839782717
1025,5.0,29.0,6.0,2.0,10.762999534606934
1026,5.0,29.0,7.000000000000001,2.0,10.692999839782717
1027,5.0,29.0,9.0,2.0,11.748000144958494
1028,5.0,29.0,11.0,2.0,11.888999938964846
1029,5.0,29.0,12.0,2.0,12.029000282287598
1030,5.0,29.0,13.0,2.0,11.817999839782717
1031,5.0,29.0,14.000000000000002,2.0,12.380999565124512
1032,5.0,29.0,15.0,2.0,11.607000350952148
1033,5.0,29.0,16.0,2.0,11.326000213623049
1034,5.0,29.0,18.0,2.0,10.904000282287598
1035,5.0,29.0,19.0,2.0,10.762999534606934
1036,5.0,29.0,23.0,2.0,10.130000114440918
1037,5.0,30.0,0.0,2.0,9.918999671936035
1038,5.0,30.0,1.0,2.0,10.130000114440918
1039,5.0,30.0,2.0,2.0,9.777999877929688
1040,5.0,30.0,3.0,2.0,10.199999809265137
1041,5.0,30.0,4.0,2.0,9.777999877929688
1042,5.0,30.0,5.0,2.0,9.145000457763672
1043,5.0,30.0,6.0,2.0,9.98900032043457
1044,5.0,30.0,7.000000000000001,2.0,10.552000045776367
1045,5.0,30.0,8.0,2.0,10.904000282287598
1046,5.0,30.0,10.0,2.0,11.536999702453612
1047,5.0,30.0,11.0,2.0,11.607000350952148
1048,5.0,30.0,12.0,2.0,11.678000450134276
1049,5.0,30.0,13.0,2.0,11.536999702453612
1050,5.0,30.0,14.000000000000002,2.0,11.678000450134276
1051,5.0,30.0,15.0,2.0,12.029000282287598
1052,5.0,30.0,16.0,2.0,11.326000213623049
1053,5.0,30.0,17.0,2.0,11.255999565124512
1054,5.0,30.0,18.0,2.0,10.552000045776367
1055,5.0,30.0,20.0,2.0,10.973999977111816
1056,5.0,30.0,21.0,2.0,10.340999603271484
1057,5.0,30.0,22.0,2.0,10.130000114440918
1058,5.0,30.999999999999996,0.0,2.0,10.41100025177002
1059,6.0,1.0,0.0,2.0,8.51200008392334
1060,6.0,1.0,4.0,2.0,8.371000289916992
1061,6.0,1.0,5.0,2.0,8.230999946594237
1062,6.0,1.0,6.0,2.0,8.581999778747559
1063,6.0,1.0,7.000000000000001,2.0,9.425999641418455
1064,6.0,1.0,9.0,2.0,10.482000350952148
1065,6.0,1.0,11.0,2.0,9.848999977111816
1066,6.0,1.0,12.0,2.0,9.918999671936035
1067,6.0,1.0,13.0,2.0,10.41100025177002
1068,6.0,1.0,15.0,2.0,11.678000450134276
1069,6.0,1.0,17.0,2.0,11.888999938964846
1070,6.0,1.0,18.0,2.0,11.326000213623049
1071,6.0,1.0,19.0,2.0,10.904000282287598
1072,6.0,1.0,20.0,2.0,10.833000183105469
1073,6.0,1.0,21.0,2.0,10.482000350952148
1074,6.0,1.0,22.0,2.0,10.41100025177002
1075,6.0,1.0,23.0,2.0,10.270999908447266
1076,6.0,2.0,1.0,2.0,9.56700038909912
1077,6.0,2.0,2.0,2.0,9.21500015258789
1078,6.0,2.0,4.0,2.0,8.51200008392334
1079,6.0,2.0,5.0,2.0,8.934000015258789
1080,6.0,2.0,7.000000000000001,2.0,8.65299987792969
1081,6.0,2.0,8.0,2.0,8.722999572753906
1082,6.0,2.0,10.0,2.0,9.21500015258789
1083,6.0,2.0,11.0,2.0,9.637999534606934
1084,6.0,2.0,12.0,2.0,10.482000350952148
1085,6.0,2.0,13.0,2.0,10.199999809265137
1086,6.0,2.0,14.000000000000002,2.0,10.340999603271484
1087,6.0,2.0,15.0,2.0,10.199999809265137
1088,6.0,2.0,16.0,2.0,11.114999771118164
1089,6.0,2.0,17.0,2.0,10.482000350952148
1090,6.0,2.0,18.0,2.0,10.0600004196167
1091,6.0,2.0,22.0,2.0,9.848999977111816
1092,6.0,3.0,0.0,2.0,9.28600025177002
1093,6.0,3.0,1.0,2.0,9.496999740600586
1094,6.0,3.0,4.0,2.0,9.56700038909912
1095,6.0,3.0,5.0,2.0,9.848999977111816
1096,6.0,3.0,6.0,2.0,9.56700038909912
1097,6.0,3.0,7.000000000000001,2.0,9.355999946594238
1098,6.0,3.0,8.0,2.0,9.425999641418455
1099,6.0,3.0,10.0,2.0,9.918999671936035
1100,6.0,3.0,11.0,2.0,10.621999740600586
1101,6.0,3.0,12.0,2.0,10.692999839782717
1102,6.0,3.0,13.0,2.0,10.973999977111816
1103,6.0,3.0,14.000000000000002,2.0,12.239999771118164
1104,6.0,3.0,15.0,2.0,12.661999702453612
1105,6.0,3.0,16.0,2.0,13.435999870300291
1106,6.0,3.0,18.0,2.0,11.678000450134276
1107,6.0,3.0,19.0,2.0,11.043999671936035
1108,6.0,3.0,20.0,2.0,10.552000045776367
1109,6.0,3.0,21.0,2.0,9.56700038909912
1110,6.0,3.0,22.0,2.0,9.425999641418455
1111,6.0,3.0,23.0,2.0,8.722999572753906
1112,6.0,4.0,0.0,2.0,8.442000389099123
1113,6.0,4.0,1.0,2.0,9.21500015258789
1114,6.0,4.0,4.0,2.0,9.708000183105469
1115,6.0,4.0,5.0,2.0,9.425999641418455
1116,6.0,4.0,6.0,2.0,9.56700038909912
1117,6.0,4.0,8.0,2.0,10.762999534606934
1118,6.0,4.0,12.0,2.0,11.817999839782717
1119,6.0,4.0,13.0,2.0,11.678000450134276
1120,6.0,4.0,15.0,2.0,12.380999565124512
1121,6.0,4.0,16.0,2.0,11.607000350952148
1122,6.0,4.0,17.0,2.0,10.762999534606934
1123,6.0,4.0,18.0,2.0,10.0600004196167
1124,6.0,4.0,19.0,2.0,9.637999534606934
1125,6.0,4.0,20.0,2.0,9.708000183105469
1126,6.0,4.0,21.0,2.0,9.848999977111816
1127,6.0,4.0,23.0,2.0,10.130000114440918
1128,6.0,5.0,0.0,2.0,9.918999671936035
1129,6.0,5.0,1.0,2.0,9.637999534606934
1130,6.0,5.0,2.0,2.0,9.425999641418455
1131,6.0,5.0,3.0,2.0,9.708000183105469
1132,6.0,5.0,4.0,2.0,9.918999671936035
1133,6.0,5.0,7.000000000000001,2.0,10.0600004196167
1134,6.0,5.0,8.0,2.0,9.918999671936035
1135,6.0,5.0,9.0,2.0,10.130000114440918
1136,6.0,5.0,10.0,2.0,9.848999977111816
1137,6.0,5.0,11.0,2.0,9.918999671936035
1138,6.0,5.0,12.0,2.0,9.777999877929688
1139,6.0,5.0,14.000000000000002,2.0,10.762999534606934
1140,6.0,5.0,17.0,2.0,10.833000183105469
1141,6.0,5.0,18.0,2.0,10.270999908447266
1142,6.0,5.0,19.0,2.0,9.56700038909912
1143,6.0,5.0,20.0,2.0,9.28600025177002
1144,6.0,5.0,21.0,2.0,9.21500015258789
1145,6.0,5.0,22.0,2.0,8.934000015258789
1146,6.0,6.0,0.0,2.0,8.581999778747559
1147,6.0,6.0,3.0,2.0,8.51200008392334
1148,6.0,6.0,4.0,2.0,8.371000289916992
1149,6.0,6.0,5.0,2.0,8.159999847412111
1150,6.0,6.0,7.000000000000001,2.0,9.496999740600586
1151,6.0,6.0,8.0,2.0,10.199999809265137
1152,6.0,6.0,9.0,2.0,10.270999908447266
1153,6.0,6.0,10.0,2.0,9.98900032043457
1154,6.0,6.0,11.0,2.0,10.130000114440918
1155,6.0,6.0,12.0,2.0,10.0600004196167
1156,6.0,6.0,13.0,2.0,10.552000045776367
1157,6.0,6.0,14.000000000000002,2.0,12.029000282287598
1158,6.0,6.0,15.0,2.0,13.154999732971191
1159,6.0,6.0,16.0,2.0,13.29599952697754
1160,6.0,6.0,17.0,2.0,12.944000244140623
1161,6.0,6.0,19.0,2.0,11.395999908447266
1162,6.0,6.0,20.0,2.0,10.904000282287598
1163,6.0,6.0,21.0,2.0,11.043999671936035
1164,6.0,6.0,22.0,2.0,10.552000045776367
1165,6.0,6.0,23.0,2.0,10.270999908447266
1166,6.0,7.0,0.0,2.0,9.777999877929688
1167,6.0,7.0,3.0,2.0,9.848999977111816
1168,6.0,7.0,5.0,2.0,9.918999671936035
1169,6.0,7.0,6.0,2.0,10.130000114440918
1170,6.0,7.0,7.000000000000001,2.0,10.482000350952148
1171,6.0,7.0,8.0,2.0,10.692999839782717
1172,6.0,7.0,9.0,2.0,10.833000183105469
1173,6.0,7.0,10.0,2.0,11.114999771118164
1174,6.0,7.0,11.0,2.0,11.536999702453612
1175,6.0,7.0,12.0,2.0,11.958999633789062
1176,6.0,7.0,13.0,2.0,12.029000282287598
1177,6.0,7.0,14.000000000000002,2.0,12.803000450134276
1178,6.0,7.0,15.0,2.0,12.732999801635742
1179,6.0,7.0,16.0,2.0,12.661999702453612
1180,6.0,7.0,18.0,2.0,12.029000282287598
1181,6.0,7.0,19.0,2.0,11.678000450134276
1182,6.0,7.0,20.0,2.0,11.395999908447266
1183,6.0,7.0,21.0,2.0,10.833000183105469
1184,6.0,7.0,23.0,2.0,10.340999603271484
1185,6.0,8.0,0.0,2.0,10.482000350952148
1186,6.0,8.0,1.0,2.0,10.41100025177002
1187,6.0,8.0,2.0,2.0,10.130000114440918
1188,6.0,8.0,3.0,2.0,10.0600004196167
1189,6.0,8.0,5.0,2.0,9.708000183105469
1190,6.0,8.0,6.0,2.0,9.425999641418455
1191,6.0,8.0,7.000000000000001,2.0,9.777999877929688
1192,6.0,8.0,8.0,2.0,10.130000114440918
1193,6.0,8.0,9.0,2.0,10.199999809265137
1194,6.0,8.0,10.0,2.0,10.0600004196167
1195,6.0,8.0,12.0,2.0,10.130000114440918
1196,6.0,8.0,15.0,2.0,10.340999603271484
1197,6.0,8.0,16.0,2.0,10.130000114440918
1198,6.0,8.0,17.0,2.0,9.918999671936035
1199,6.0,8.0,18.0,2.0,8.934000015258789
1200,6.0,8.0,19.0,2.0,9.003999710083008
1201,6.0,8.0,20.0,2.0,9.355999946594238
1202,6.0,8.0,21.0,2.0,8.864000320434572
1203,6.0,8.0,22.0,2.0,9.074999809265137
1204,6.0,8.0,23.0,2.0,8.722999572753906
1205,6.0,9.0,0.0,2.0,8.864000320434572
1206,6.0,9.0,3.0,2.0,8.020000457763674
1207,6.0,9.0,5.0,2.0,8.159999847412111
1208,6.0,9.0,8.0,2.0,8.51200008392334
1209,6.0,9.0,9.0,2.0,8.442000389099123
1210,6.0,9.0,10.0,2.0,6.823999881744385
1211,6.0,9.0,12.0,2.0,4.150000095367432
1212,6.0,9.0,14.000000000000002,2.0,4.783999919891356
1213,6.0,9.0,17.0,2.0,6.894000053405763
1214,6.0,9.0,19.0,2.0,6.4019999504089355
1215,6.0,9.0,22.0,2.0,6.894000053405763
1216,6.0,9.0,23.0,2.0,7.245999813079834
1217,6.0,10.0,0.0,2.0,6.261000156402588
1218,6.0,10.0,1.0,2.0,6.823999881744385
1219,6.0,10.0,2.0,2.0,7.315999984741211
1220,6.0,10.0,3.0,2.0,7.668000221252441
1221,6.0,10.0,4.0,2.0,7.737999916076659
1222,6.0,10.0,5.0,2.0,7.456999778747559
1223,6.0,10.0,6.0,2.0,7.668000221252441
1224,6.0,10.0,7.000000000000001,2.0,8.020000457763674
1225,6.0,10.0,8.0,2.0,8.300999641418457
1226,6.0,10.0,9.0,2.0,8.159999847412111
1227,6.0,10.0,12.0,2.0,8.371000289916992
1228,6.0,10.0,13.0,2.0,8.934000015258789
1229,6.0,10.0,14.000000000000002,2.0,9.425999641418455
1230,6.0,10.0,15.0,2.0,9.56700038909912
1231,6.0,10.0,16.0,2.0,9.98900032043457
1232,6.0,10.0,17.0,2.0,9.28600025177002
1233,6.0,10.0,19.0,2.0,9.145000457763672
1234,6.0,10.0,20.0,2.0,8.442000389099123
1235,6.0,10.0,21.0,2.0,8.722999572753906
1236,6.0,10.0,22.0,2.0,8.442000389099123
1237,6.0,10.0,23.0,2.0,8.230999946594237
1238,6.0,11.0,0.0,2.0,8.300999641418457
1239,6.0,11.0,1.0,2.0,7.879000186920166
1240,6.0,11.0,2.0,2.0,7.809000015258789
1241,6.0,11.0,4.0,2.0,7.948999881744385
1242,6.0,11.0,7.000000000000001,2.0,8.51200008392334
1243,6.0,11.0,8.0,2.0,9.074999809265137
1244,6.0,11.0,11.0,2.0,9.074999809265137
1245,6.0,11.0,12.0,2.0,9.56700038909912
1246,6.0,11.0,13.0,2.0,10.199999809265137
1247,6.0,11.0,14.000000000000002,2.0,11.043999671936035
1248,6.0,11.0,16.0,2.0,12.170000076293944
1249,6.0,11.0,17.0,2.0,12.310999870300291
1250,6.0,11.0,19.0,2.0,10.904000282287598
1251,6.0,11.0,20.0,2.0,10.270999908447266
1252,6.0,11.0,23.0,2.0,9.848999977111816
1253,6.0,12.0,0.0,2.0,10.0600004196167
1254,6.0,12.0,1.0,2.0,9.777999877929688
1255,6.0,12.0,4.0,2.0,9.708000183105469
1256,6.0,12.0,5.0,2.0,9.496999740600586
1257,6.0,12.0,7.000000000000001,2.0,10.340999603271484
1258,6.0,12.0,8.0,2.0,10.41100025177002
1259,6.0,12.0,9.0,2.0,10.621999740600586
1260,6.0,12.0,10.0,2.0,10.270999908447266
1261,6.0,12.0,12.0,2.0,10.833000183105469
1262,6.0,12.0,13.0,2.0,11.536999702453612
1263,6.0,12.0,14.000000000000002,2.0,12.100000381469728
1264,6.0,12.0,15.0,2.0,13.57699966430664
1265,6.0,12.0,16.0,2.0,14.279999732971191
1266,6.0,12.0,17.0,2.0,13.506999969482422
1267,6.0,12.0,18.0,2.0,13.928999900817873
1268,6.0,12.0,20.0,2.0,11.678000450134276
1269,6.0,12.0,21.0,2.0,11.043999671936035
1270,6.0,12.0,22.0,2.0,10.904000282287598
1271,6.0,12.0,23.0,2.0,11.1850004196167
1272,6.0,13.0,1.0,2.0,10.762999534606934
1273,6.0,13.0,2.0,2.0,10.904000282287598
1274,6.0,13.0,3.0,2.0,10.833000183105469
1275,6.0,13.0,5.0,2.0,10.621999740600586
1276,6.0,13.0,6.0,2.0,10.973999977111816
1277,6.0,13.0,7.000000000000001,2.0,11.467000007629396
1278,6.0,13.0,8.0,2.0,11.817999839782717
1279,6.0,13.0,9.0,2.0,11.1850004196167
1280,6.0,13.0,11.0,2.0,11.536999702453612
1281,6.0,13.0,12.0,2.0,11.326000213623049
1282,6.0,13.0,13.0,2.0,12.310999870300291
1283,6.0,13.0,14.000000000000002,2.0,13.29599952697754
1284,6.0,13.0,15.0,2.0,14.140000343322756
1285,6.0,13.0,16.0,2.0,14.35099983215332
1286,6.0,13.0,17.0,2.0,13.647000312805176
1287,6.0,13.0,21.0,2.0,10.692999839782717
1288,6.0,13.0,22.0,2.0,10.552000045776367
1289,6.0,14.0,0.0,2.0,10.904000282287598
1290,6.0,14.0,2.0,2.0,10.692999839782717
1291,6.0,14.0,4.0,2.0,11.114999771118164
1292,6.0,14.0,6.0,2.0,10.973999977111816
1293,6.0,14.0,7.000000000000001,2.0,10.904000282287598
1294,6.0,14.0,8.0,2.0,11.114999771118164
1295,6.0,14.0,10.0,2.0,11.1850004196167
1296,6.0,14.0,11.0,2.0,11.255999565124512
1297,6.0,14.0,13.0,2.0,11.817999839782717
1298,6.0,14.0,14.000000000000002,2.0,13.29599952697754
1299,6.0,14.0,16.0,2.0,13.225000381469728
1300,6.0,14.0,18.0,2.0,11.467000007629396
1301,6.0,14.0,19.0,2.0,11.326000213623049
1302,6.0,14.0,21.0,2.0,11.1850004196167
1303,6.0,14.0,23.0,2.0,10.621999740600586
1304,6.0,15.0,0.0,2.0,10.199999809265137
1305,6.0,15.0,2.0,2.0,9.848999977111816
1306,6.0,15.0,5.0,2.0,10.199999809265137
1307,6.0,15.0,6.0,2.0,10.833000183105469
1308,6.0,15.0,7.000000000000001,2.0,11.114999771118164
1309,6.0,15.0,8.0,2.0,11.536999702453612
1310,6.0,15.0,9.0,2.0,10.552000045776367
1311,6.0,15.0,10.0,2.0,10.482000350952148
1312,6.0,15.0,11.0,2.0,10.340999603271484
1313,6.0,15.0,12.0,2.0,10.904000282287598
1314,6.0,15.0,13.0,2.0,11.114999771118164
1315,6.0,15.0,15.0,2.0,11.817999839782717
1316,6.0,15.0,16.0,2.0,12.380999565124512
1317,6.0,15.0,18.0,2.0,11.748000144958494
1318,6.0,15.0,19.0,2.0,10.482000350952148
1319,6.0,15.0,20.0,2.0,9.848999977111816
1320,6.0,15.0,22.0,2.0,9.496999740600586
1321,6.0,15.0,23.0,2.0,9.425999641418455
1322,6.0,16.0,1.0,2.0,9.28600025177002
1323,6.0,16.0,2.0,2.0,9.003999710083008
1324,6.0,16.0,4.0,2.0,8.51200008392334
1325,6.0,16.0,6.0,2.0,8.581999778747559
1326,6.0,16.0,7.000000000000001,2.0,8.793000221252441
1327,6.0,16.0,8.0,2.0,9.425999641418455
1328,6.0,16.0,9.0,2.0,8.722999572753906
1329,6.0,16.0,10.0,2.0,9.145000457763672
1330,6.0,16.0,11.0,2.0,9.003999710083008
1331,6.0,16.0,12.0,2.0,9.21500015258789
1332,6.0,16.0,13.0,2.0,9.425999641418455
1333,6.0,16.0,14.000000000000002,2.0,10.130000114440918
1334,6.0,16.0,15.0,2.0,10.762999534606934
1335,6.0,16.0,16.0,2.0,10.552000045776367
1336,6.0,16.0,17.0,2.0,9.918999671936035
1337,6.0,16.0,19.0,2.0,9.21500015258789
1338,6.0,16.0,21.0,2.0,8.442000389099123
1339,6.0,16.0,22.0,2.0,8.51200008392334
1340,6.0,16.0,23.0,2.0,8.300999641418457
1341,6.0,17.0,0.0,2.0,8.159999847412111
1342,6.0,17.0,6.0,2.0,7.668000221252441
1343,6.0,17.0,7.000000000000001,2.0,7.948999881744385
1344,6.0,17.0,8.0,2.0,8.230999946594237
1345,6.0,17.0,9.0,2.0,8.371000289916992
1346,6.0,17.0,11.0,2.0,8.65299987792969
1347,6.0,17.0,12.0,2.0,9.28600025177002
1348,6.0,17.0,13.0,2.0,10.270999908447266
1349,6.0,17.0,14.000000000000002,2.0,11.326000213623049
1350,6.0,17.0,15.0,2.0,12.451000213623049
1351,6.0,17.0,16.0,2.0,12.380999565124512
1352,6.0,17.0,17.0,2.0,11.536999702453612
1353,6.0,17.0,19.0,2.0,10.833000183105469
1354,6.0,17.0,20.0,2.0,10.270999908447266
1355,6.0,17.0,21.0,2.0,10.199999809265137
1356,6.0,17.0,22.0,2.0,9.637999534606934
1357,6.0,17.0,23.0,2.0,9.56700038909912
1358,6.0,18.0,1.0,2.0,9.21500015258789
1359,6.0,18.0,3.0,2.0,8.864000320434572
1360,6.0,18.0,4.0,2.0,9.074999809265137
1361,6.0,18.0,6.0,2.0,9.21500015258789
1362,6.0,18.0,8.0,2.0,9.145000457763672
1363,6.0,18.0,9.0,2.0,9.777999877929688
1364,6.0,18.0,10.0,2.0,9.98900032043457
1365,6.0,18.0,11.0,2.0,10.0600004196167
1366,6.0,18.0,12.0,2.0,10.833000183105469
1367,6.0,18.0,13.0,2.0,11.1850004196167
1368,6.0,18.0,15.0,2.0,13.085000038146973
1369,6.0,18.0,16.0,2.0,11.958999633789062
1370,6.0,18.0,17.0,2.0,12.029000282287598
1371,6.0,18.0,20.0,2.0,10.621999740600586
1372,6.0,18.0,21.0,2.0,10.199999809265137
1373,6.0,18.0,22.0,2.0,10.130000114440918
1374,6.0,18.0,23.0,2.0,10.270999908447266
1375,6.0,19.0,0.0,2.0,9.777999877929688
1376,6.0,19.0,1.0,2.0,9.21500015258789
1377,6.0,19.0,5.0,2.0,9.145000457763672
1378,6.0,19.0,6.0,2.0,9.637999534606934
1379,6.0,19.0,7.000000000000001,2.0,9.496999740600586
1380,6.0,19.0,8.0,2.0,9.074999809265137
1381,6.0,19.0,9.0,2.0,9.355999946594238
1382,6.0,19.0,10.0,2.0,9.777999877929688
1383,6.0,19.0,11.0,2.0,9.848999977111816
1384,6.0,19.0,12.0,2.0,10.130000114440918
1385,6.0,19.0,13.0,2.0,9.777999877929688
1386,6.0,19.0,14.000000000000002,2.0,5.557000160217285
1387,6.0,19.0,15.0,2.0,5.627999782562256
1388,6.0,19.0,16.0,2.0,4.64300012588501
1389,6.0,19.0,19.0,2.0,6.752999782562257
1390,6.0,19.0,20.0,2.0,7.105000019073486
1391,6.0,19.0,21.0,2.0,4.572999954223633
1392,6.0,19.0,22.0,2.0,5.135000228881836
1393,6.0,19.0,23.0,2.0,5.908999919891357
1394,6.0,20.0,0.0,2.0,6.541999816894531
1395,6.0,20.0,1.0,2.0,7.315999984741211
1396,6.0,20.0,6.0,2.0,7.315999984741211
1397,6.0,20.0,7.000000000000001,2.0,7.456999778747559
1398,6.0,20.0,8.0,2.0,7.105000019073486
1399,6.0,20.0,9.0,2.0,7.456999778747559
1400,6.0,20.0,10.0,2.0,8.090000152587889
1401,6.0,20.0,12.0,2.0,8.51200008392334
1402,6.0,20.0,17.0,2.0,9.28600025177002
1403,6.0,20.0,18.0,2.0,9.145000457763672
1404,6.0,20.0,20.0,2.0,9.21500015258789
1405,6.0,20.0,21.0,2.0,8.65299987792969
1406,6.0,20.0,23.0,2.0,9.003999710083008
1407,6.0,21.0,1.0,2.0,8.934000015258789
1408,6.0,21.0,4.0,2.0,8.51200008392334
1409,6.0,21.0,6.0,2.0,8.864000320434572
1410,6.0,21.0,8.0,2.0,8.864000320434572
1411,6.0,21.0,9.0,2.0,8.51200008392334
1412,6.0,21.0,10.0,2.0,8.371000289916992
1413,6.0,21.0,11.0,2.0,8.51200008392334
1414,6.0,21.0,13.0,2.0,8.864000320434572
1415,6.0,21.0,16.0,2.0,10.0600004196167
1416,6.0,21.0,17.0,2.0,9.848999977111816
1417,6.0,21.0,18.0,2.0,9.637999534606934
1418,6.0,21.0,19.0,2.0,9.003999710083008
1419,6.0,21.0,21.0,2.0,8.371000289916992
1420,6.0,21.0,22.0,2.0,8.159999847412111
1421,6.0,21.0,23.0,2.0,8.090000152587889
1422,6.0,22.0,0.0,2.0,8.230999946594237
1423,6.0,22.0,2.0,2.0,8.159999847412111
1424,6.0,22.0,3.0,2.0,8.020000457763674
1425,6.0,22.0,4.0,2.0,7.809000015258789
1426,6.0,22.0,6.0,2.0,5.627999782562256
1427,6.0,22.0,7.000000000000001,2.0,7.0349998474121085
1428,6.0,22.0,9.0,2.0,6.683000087738037
1429,6.0,22.0,10.0,2.0,6.4019999504089355
1430,6.0,22.0,12.0,2.0,3.6579999923706055
1431,6.0,22.0,14.000000000000002,2.0,4.150000095367432
1432,6.0,22.0,15.0,2.0,4.64300012588501
1433,6.0,22.0,18.0,2.0,4.64300012588501
1434,6.0,22.0,19.0,2.0,5.839000225067139
1435,6.0,22.0,22.0,2.0,5.839000225067139
1436,6.0,23.0,0.0,2.0,5.3460001945495605
1437,6.0,23.0,4.0,2.0,5.908999919891357
1438,6.0,23.0,5.0,2.0,6.261000156402588
1439,6.0,23.0,6.0,2.0,6.683000087738037
1440,6.0,23.0,7.000000000000001,2.0,6.4720001220703125
1441,6.0,23.0,8.0,2.0,6.4019999504089355
1442,6.0,23.0,9.0,2.0,6.964000225067138
1443,6.0,23.0,10.0,2.0,7.526999950408934
1444,6.0,23.0,11.0,2.0,7.737999916076659
1445,6.0,23.0,12.0,2.0,7.809000015258789
1446,6.0,23.0,13.0,2.0,7.668000221252441
1447,6.0,23.0,14.000000000000002,2.0,8.159999847412111
1448,6.0,23.0,15.0,2.0,7.809000015258789
1449,6.0,23.0,16.0,2.0,8.159999847412111
1450,6.0,23.0,17.0,2.0,7.809000015258789
1451,6.0,23.0,18.0,2.0,8.300999641418457
1452,6.0,23.0,19.0,2.0,8.020000457763674
1453,6.0,23.0,20.0,2.0,7.668000221252441
1454,6.0,23.0,22.0,2.0,7.315999984741211
1455,6.0,23.0,23.0,2.0,7.175000190734862
1456,6.0,24.0,0.0,2.0,6.894000053405763
1457,6.0,24.0,2.0,2.0,6.4019999504089355
1458,6.0,24.0,3.0,2.0,6.541999816894531
1459,6.0,24.0,4.0,2.0,6.964000225067138
1460,6.0,24.0,5.0,2.0,6.894000053405763
1461,6.0,24.0,6.0,2.0,7.456999778747559
1462,6.0,24.0,8.0,2.0,8.442000389099123
1463,6.0,24.0,9.0,2.0,7.948999881744385
1464,6.0,24.0,10.0,2.0,8.51200008392334
1465,6.0,24.0,11.0,2.0,9.003999710083008
1466,6.0,24.0,12.0,2.0,9.28600025177002
1467,6.0,24.0,13.0,2.0,9.21500015258789
1468,6.0,24.0,14.000000000000002,2.0,9.28600025177002
1469,6.0,24.0,16.0,2.0,9.496999740600586
1470,6.0,24.0,18.0,2.0,9.145000457763672
1471,6.0,24.0,19.0,2.0,9.074999809265137
1472,6.0,24.0,21.0,2.0,8.371000289916992
1473,6.0,24.0,23.0,2.0,8.51200008392334
1474,6.0,25.0,0.0,2.0,8.722999572753906
1475,6.0,25.0,1.0,2.0,9.003999710083008
1476,6.0,25.0,5.0,2.0,8.65299987792969
1477,6.0,25.0,7.000000000000001,2.0,9.56700038909912
1478,6.0,25.0,8.0,2.0,10.973999977111816
1479,6.0,25.0,9.0,2.0,11.467000007629396
1480,6.0,25.0,10.0,2.0,11.1850004196167
1481,6.0,25.0,11.0,2.0,10.692999839782717
1482,6.0,25.0,13.0,2.0,10.621999740600586
1483,6.0,25.0,14.000000000000002,2.0,11.255999565124512
1484,6.0,25.0,15.0,2.0,11.607000350952148
1485,6.0,25.0,16.0,2.0,12.380999565124512
1486,6.0,25.0,18.0,2.0,11.1850004196167
1487,6.0,25.0,19.0,2.0,10.552000045776367
1488,6.0,25.0,20.0,2.0,9.98900032043457
1489,6.0,25.0,22.0,2.0,9.56700038909912
1490,6.0,25.0,23.0,2.0,9.425999641418455
1491,6.0,26.0,0.0,2.0,9.708000183105469
1492,6.0,26.0,2.0,2.0,9.777999877929688
1493,6.0,26.0,5.0,2.0,9.28600025177002
1494,6.0,26.0,7.000000000000001,2.0,9.637999534606934
1495,6.0,26.0,8.0,2.0,9.425999641418455
1496,6.0,26.0,9.0,2.0,9.074999809265137
1497,6.0,26.0,10.0,2.0,8.934000015258789
1498,6.0,26.0,11.0,2.0,9.21500015258789
1499,6.0,26.0,13.0,2.0,9.425999641418455
1500,6.0,26.0,14.000000000000002,2.0,10.199999809265137
1501,6.0,26.0,16.0,2.0,11.043999671936035
1502,6.0,26.0,17.0,2.0,10.270999908447266
1503,6.0,26.0,19.0,2.0,9.56700038909912
